[{
        "id": 0,
        "title": "Android",
        "price": 0,
        "time": 10
    },
    {
        "id": 1,
        "title": "IOS",
        "price": 0,
        "time": 10
    },
    {
        "id": 2,
        "title": "Android&IOS",
        "price": 0,
        "time": 7
    },
    {
        "id": 3,
        "title": "Cross Platform",
        "price": 0,
        "time": 14
    },
    {
        "id": 4,
        "title": "Small",
        "price": 1000,
        "time": 1
    }, {
        "id": 5,
        "title": "Medium",
        "price": 2000,
        "time": 3
    }, {
        "id": 6,
        "title": "Large",
        "price": 3000,
        "time": 7
    },
    {
        "id": 7,
        "title": "MVP",
        "price": 1200,
        "time": 10
    },
    {
        "id": 8,
        "title": "Basic",
        "price": 1500,
        "time": 7
    },
    {
        "id": 9,
        "title": "Perfect",
        "price": 1000,
        "time": 14
    },{
        "id": 10,
        "title": "Email / Password Sign Up",
        "price": 1000,
        "time": 1
    },
    {
        "id": 11,
        "title": "Facebook Sign Up",
        "price": 1000,
        "time": 1
    },
    {
        "id":12,
        "title": "Twitter Sign Up",
        "price": 1000,
        "time": 1
    },
    {
        "id":14,
        "title": "Google Sign Up",
        "price": 1000,
        "time": 1
    },
    {
        "id":15,
        "title": "Linkedin Sign Up",
        "price": 1700,
        "time": 1
    },
    {
        "id":16,
        "title": "GitHub Sign Up",
        "price": 1700,
        "time": 1
    }
    ,
    {
        "id":17,
        "title": "File Uploading",
        "price": 500,
        "time": 2
    },
    {
        "id":18,
        "title": "Account",
        "price": 800,
        "time": 3
    },
    {
        "id":19,
        "title": "Feed manipulation",
        "price": 740,
        "time": 1
    },
    {
        "id":20,
        "title": "Ratings or reviews",
        "price": 450,
        "time": 2
    },
    {
        "id":21,
        "title": "Tags",
        "price": 500,
        "time": 1
    },
    {
        "id":22,
        "title": "Free text searching",
        "price": 500,
        "time": 1
    },
    {
        "id":23,
        "title": "Activity Feed",
        "price": 500,
        "time": 2
    },
    {
        "id":24,
        "title": "Application icon design",
        "price": 500,
        "time": 1
    },
    {
        "id":25,
        "title": "Cloud Sync",
        "price": 500,
        "time": 2
    },
    {
        "id":26,
        "title": "Device Sensors",
        "price": 500,
        "time": 2
    },
    {
        "id":27,
        "title": "Health data",
        "price": 500,
        "time": 1
    },
    {
        "id":28,
        "title": "Barcodes & QR Codes",
        "price": 500,
        "time": 2
    },
    {
        "id":29,
        "title": "Calendar",
        "price": 500,
        "time": 1
    },
    {
        "id":30,
        "title": "Display of map data/geolocation",
        "price": 500,
        "time": 2
    },
    {
        "id":31,
        "title": "Display of custom map markers/regions",
        "price": 500,
        "time": 1
    },
    {
        "id":32,
        "title": "Booking",
        "price": 500,
        "time": 3
    },
    {
        "id":33,
        "title": "Chat +",
        "price": 500,
        "time": 2
    },
    {
        "id":34,
        "title": "Forums and commenting",
        "price": 500,
        "time": 1
    },
    {
        "id":35,
        "title": "Social Sharing",
        "price": 500,
        "time": 4
    },
    {
        "id":36,
        "title": "Push notifications +",
        "price": 500,
        "time": 2
    },
    {
        "id":37,
        "title": "Cart",
        "price": 500,
        "time": 1
    },
    {
        "id":38,
        "title": "In-app purchases",
        "price": 500,
        "time": 2
    },
    {
        "id":39,
        "title": "Payment information collection",
        "price": 500,
        "time": 1
    },
    {
        "id":40,
        "title": "Subscription plans",
        "price": 500,
        "time": 2
    },
    {
        "id":41,
        "title": "Connect to one or more third party services",
        "price": 500,
        "time": 2
    },
    {
        "id":42,
        "title": "SMS notifications",
        "price": 500,
        "time": 2
    },
    {
        "id":43,
        "title": "Two Factor Authentication",
        "price": 500,
        "time": 2
    }
]

